Question,GoodAnswer
أين يقع فندق الفورزد,يقع فندق الفورزد في مدينة بيروت
ما هو رقم هاتف فندق الفورزد للاتصال,رقم هاتف فندق الفورزد للاتصال هو 096122334455
ما أنواع المطاعم في فندق الفورزد,يوجد في فندق الفورزد مطعم شرقي ومطعم عربي
هل يوجد نادي رياضي في فندق الفورزد,يوجد نادي رياضي في فندق الفورزد وصالة جيم
هل يوجد مسبح في فندق الفورزد,يوجد مسبح في فندق الفورزد على شاطئ البحر
ماهو تصنيف فندق الفورزد,تصنيف فندق الفورزد هو خمسة نجوم
ما شريحة أسعار الغرف في فندق الفورزد,تتراوح أسعار الغرف بين 100 و 200 دولار في فندق الفورزد
هل يطل فندق الفورزد على البحر,يطل فندق الفورزد على البحر
هل يسمح باصطحاب الحيوانات الأليفه في فندق الفورزد,يسمح باصطحاب الحيوانات الأليفه في فندق الفورزد
ما هي الخدمات في فندق الفورزد,يوجد صالة ألعاب للأطفال مفتوحة دوما
ما هي الخدمات الطبية في فندق الفورزد,يوجد طبيب متواجد دوما في فندق الفورزد
هل يوجد نادي رياضي صحي في فندق الفورزد,يوجد نادي رياضي صحي في فندق الفورزد
Where is the 4Z Hotel,The 4Z Hotel is in Beirut
In which city the 4Z Hotel,The 4Z Hotel is in Beirut
What resturants are in the 4Z Hotel,There is oriantal Resturant in the 4Z Hotel
What type of resturants in the 4Z Hotel,There is oriantal Resturant in the 4Z Hotel
Any pool in the 4Z Hotel,There is a swimming pool in the 4Z Hotel
What is the contact number of the 4Z Hotel,The phone number of the 4Z Hotel is 0096122334455
What is the number of the 4Z Hotel,The phone number of the 4Z Hotel is 0096122334455
Where is the 4Z Hotel Hotel located?,The 4Z Hotel Hotel is located in Beirut
What is the 4Z Hotel Hotel phone number to contact?,The 4Z Hotel Hotel phone number to contact is 096122334455
What are the types of restaurants in the 4Z Hotel Hotel?,There is an oriental restaurant and an Arabic restaurant in the 4Z Hotel Hotel
Is there a gym in the 4Z Hotel Hotel?,There is a sports club in the4Z Hotel Hotel and a gym
Is there a swimming pool in the 4Z Hotel Hotel?,There is a swimming pool in the 4Z Hotel Hotel on the beach
What is the rating of the 4Z Hotel Hotel?,The 4Z Hotel Hotel is rated as five stars
What is the price range for rooms in the 4Z Hotel Hotel?,Room prices range between $100 and $200 in the 4Z Hotel Hotel
Does the 4Z Hotel Hotel overlook the sea?,The 4Z Hotel Hotel overlooks the sea
Are pets allowed in the 4Z Hotel Hotel?,Pets are allowed in the 4Z Hotel Hotel
What are the services in the 4Z Hotel Hotel?,There is a children's playroom that is always open in the 4Z Hotel
What are the medical services in the 4Z Hotel Hotel?,There is a doctor always present in the 4Z Hotel Hotel
Is there a health club in the 4Z Hotel Hotel?,There is a health club in the 4Z Hotel 
